HamNoSys,HamNoSys,HamNoSys,FSW_all,AmericanSL,AmericanSL,AmericanSL,ChineseSL,ChineseSL,ChineseSL,ChineseSL,Hong Kong SL,Hong Kong SL,Taiwan SL,Taiwan SL,Taiwan SL,Korean SL,Korean SL,German SL,German SL,Danish SL,Danish SL,Swedish  SL,Swedish  SL,Netherland SL,Netherland SL,British SL,British SL,Australian SL,Australian SL,Australian SL,New Zealand SL,New Zealand SL
HamNoSys_Initial_Configuration,HamNoSys_Basic_Handshape,HamNoSys_Handshape_Modifications,FSW_all,FSW,SignWriting,Shape_Name,FSW,SignWriting,meaning_example,EN_translation,FSW,SignWriting,FSW,SignWriting,meaning_exmaple,FSW,SignWriting,FSW,SignWriting,FSW,SignWriting,FSW,SignWriting,FSW,SignWriting,FSW,SignWriting,FSW,SignWriting,meaning_example,FSW,SignWriting
Selected fingers,0_finger(Fist),(Selected Fingers extended),S1f5,,,,S1f5,񅯣,,good,S1f5,񅯡,S1f5,񅯡,男male,S1f5,񅯡,S1f5,񅯡,S1f5,񅯡,S1f5,񅯡,S1f5,񅯡,S1f5,񅯡,S1f5,񅯡,good,S1f5,񅯡
Selected fingers,0_finger(Fist),(Selected Fingers extended),S1f7,S1f7,񅲱,a,S1f7,񅳁,,hold,S1f7,񅳁,S1f7,񅲱,副,,,,,,,,,,,,,,,,,
Selected fingers,0_finger(Fist),(Selected Fingers extended),S1f8,,,,,,,,,,,,,S1f8,񅴑,,,S1f8,񅴑,,,S1f8,񅴑,S1f8,񅴑,S1f8,񅴑,cloased,S1f8,񅴑
Selected fingers,0_finger(Fist),(Selected Fingers extended),S203,S203,񆄱,s,S203,񆅁,,hit,S203,񆄱,S203,񆄱,拳fist,S203,񆄱,S203,񆄱,S203,񆄱,S203,񆄱,S203,񆄱,S203,񆄱,S203,񆄱,fist,S203,񆄱
Selected fingers,0_finger(Fist),(Selected Fingers bent),S1f9,,,,,,,,,,,,,S1f9,񅵱,,,,,,,,,,,,,,,
Selected fingers,0_finger(Fist),(fistDerivation),S1fb,S1fb,񅸱,t,,,,,S1fb,񅸱,,,,,,,,,,,,S1fb,񅸱,,,,,,,
Selected fingers,0_finger(Fist),(fistDerivation),S1fc,,,,S1fc,񅺡,,n,S1fc,񅺑,,,,,,,,,,,,,,,,,,,,
Selected fingers,0_finger(Fist),(fistDerivation),S1fd,,,,S1fd,񅼁,,m,S1fd,񅻱,S1fd,񅻱,日,,,,,,,,,,,,,,,,,
Selected fingers,0_finger(Fist),(fistDerivation),S1ff,,,,,,,,,,,,,S1ff,񅾱,,,,,,,,,,,,,,,
Selected fingers,0_finger(Fist),(fistDerivation),S200,,,,,,,,,,,,,S200,񆀑,,,,,,,,,,,,,,,
Selected fingers,0_finger(Fist),(fistDerivation),S201,,,,,,,,,,,,,,,,,,,S201,񆁱,S201,񆁱,,,,,,S201,񆁱
Selected fingers,1_finger,(Selected Fingers extended),S100,S100,񀀁,1,S100,񀀁,,1,S100,񀀁,S100,񀀁,1,,,S100,񀀁,S100,񀀁,S100,񀀁,S100,񀀁,S100,񀀁,S100,񀀁,point,S100,񀀁
Selected fingers,1_finger,(Selected Fingers extended),S101,S101,񀁱,d,,,,,S101,񀁱,,,,,,,,S101,񀁱,,,S101,񀁱,S101,񀁱,,,,,
Selected fingers,1_finger,(Selected Fingers extended),S103,,,,,,,,,,S103,񀄱,夕,,,,,,,,,,,,,S103,񀄱,letter_d,,
Selected fingers,1_finger,(Selected Fingers extended),S108,,,,,,,,,,,,,,,,,,,,,S108,񀌑,,,,,,,
Selected fingers,1_finger,(Selected Fingers extended),S192,S192,񃛑,i,S192,񃛁,,bad,S192,񃛑,S192,񃛑,女female,S192,񃛑,S192,񃛑,S192,񃛑,S192,񃛑,S192,񃛑,S192,񃛑,S192,񃛑,bad,S192,񃛑
Selected fingers,1_finger,(Selected Fingers extended),S193,,,,,,,,,,,,,,,,,,,,,S193,񃜱,,,,,,,
Selected fingers,1_finger,(Selected Fingers extended),S19a,S19a,񃧑,y,S19a,񃧁,,6,S19a,񃧑,S19a,񃧑,民people,S19a,񃧑,S19a,񃧑,S19a,񃧑,S19a,񃧑,S19a,񃧑,S19a,񃧑,S19a,񃧑,plane,S19a,񃧑
Selected fingers,1_finger,(Selected Fingers extended),S1ae,,,,,,,,,,S1ae,񄅑,姊oldersister,,,,,,,,,,,,,,,,,
Selected fingers,1_finger,(Selected Fingers extended),S1c6,,,,S1c6,񄩁,,"neutral, normal",S1c6,񄩑,S1c6,񄩑,兄olderbrother,,,,,S1c6,񄩑,S1c6,񄩑,S1c6,񄩑,S1c6,񄩑,,,,S1c6,񄩑
Selected fingers,1_finger,(Selected Fingers extended),S1dc,S1dc,񅊑,l,S1dc,񅊡,,8,S1dc,񅊑,,,,,,S1dc,񅊑,S1dc,񅊑,S1dc,񅊑,S1dc,񅊑,S1dc,񅊑,S1dc,񅊑,gun,S1dc,񅊑
Selected fingers,1_finger,(Selected Fingers extended),S1de,,,,,,,,,,S1de,񅍑,6,S1de,񅍑,,,S1de,񅍑,,,S1de,񅍑,,,,,,,
Selected fingers,1_finger,(Selected Fingers extended),S1df,,,,,,,,,,,,,S1df,񅎱,,,,,,,S1df,񅎱,,,,,,,
Selected fingers,1_finger,(Selected Fingers extended),S1e0,,,,S1e0,񅐁,,very,S1e0,񅐑,S1e0,񅐑,很,,,,,,,,,,,,,,,,,
Selected fingers,1_finger,(Selected Fingers flattened),S10c,S10c,񀒑,flat_1,,,,,,,,,,,,,,S10c,񀒑,S10c,񀒑,,,S10c,񀒑,,,,S10c,񀒑
Selected fingers,1_finger,(Selected Fingers flattened),S1f2,,,,S1f2,񅫁,,doctor,,,S1f2,񅫁,隻,,,,,S1f2,񅫁,,,S1f2,񅫁,,,,,,,
Selected fingers,1_finger,(Selected Fingers flattened),S1f3,,,,,,,,S1f3,񅬱,,,,,,,,,,,,,,,,,,,,
Selected fingers,1_finger,(Selected Fingers bent),S106,S106,񀉑,bent_1,S106,񀉑,,9,S106,񀉑,,,,S106,񀉑,,,S106,񀉑,,,S106,񀉑,S106,񀉑,,,,,
Selected fingers,1_finger,(Selected Fingers bent),S10a,S10a,񀏑,curved_1,,,,,,,S10a,񀏑,10/鸡,S10a,񀏑,S10a,񀏑,,,S10a,񀏑,S10a,񀏑,,,S10a,񀏑,hook,S10a,񀏑
Selected fingers,1_finger,(Selected Fingers bent),S198,,,,S198,񃤑,,interest money,S198,񃤑,S198,񃤑,虫,S198,񃤑,,,,,,,,,,,,,,,
Selected fingers,1_finger,(Selected Fingers bent),S1e1,S1e1,񅑱,curved_l,S1e1,񅑡,,take a photo,S1e1,񅑱,,,,,,S1e1,񅑱,S1e1,񅑱,,,S1e1,񅑱,S1e1,񅑱,S1e1,񅑱,bent_gun,S1e1,񅑱
Selected fingers,1_finger,(Selected Fingers bent),S1e2,,,,,,,,,,,,,S1e2,񅓁,,,,,,,,,,,,,,,
Selected fingers,1_finger,(Selected Fingers bent),Missing,,,,,,,,,,,,,,,,,,,,,,,,,,,,,
Selected fingers,1_finger,(Selected Fingers bent),Missing,,,,,,,,,,,,,,,,,,,,,,,,,,,,,
Selected fingers,1_finger,(Selected Fingers Hooked),S1ea,S1ea,񅟑,baby_o,S1ea,񅟁,,tear,S1ea,񅟑,S1ea,񅟑,资,S1ea,񅟑,S1ea,񅟑,S1ea,񅟑,S1ea,񅟑,,,S1ea,񅟑,S1ea,񅟑,write,S1ea,񅟑
Selected fingers,2_nonspread,(Selected Fingers extended),S115,S115,񀟱,h,S115,񀟱,,law,S115,񀟱,S115,񀟱,棕,S115,񀟱,S115,񀟱,S115,񀟱,S115,񀟱,S115,񀟱,S115,񀟱,S115,񀟱,spoon,S115,񀟱
Selected fingers,2_nonspread,(Selected Fingers extended),S12d,S12d,񁃡,open_h,S12d,񁃡,,beauty,S12d,񁃱,,,,S12d,񁃱,,,S12d,񁃡,,,S12d,񁃡,S12d,񁃡,S12d,񁃡,open_spoon,S12d,񁃡
Selected fingers,2_nonspread,(Selected Fingers extended),S1b5,,,,,,,,,,,,,S1b5,񄏱,,,,,,,,,,,,,,,
Selected fingers,2_nonspread,(Selected Fingers flattened),S119,S119,񀥱,flat_h,,,,,,,,,,,,,,,,,,S119,񀥱,S119,񀥱,,,,S119,񀥱
Selected fingers,2_nonspread,(Selected Fingers flattened),S132,,,,,,,,,,,,,,,,,S132,񁋑,,,,,,,,,,,
Selected fingers,2_nonspread,(Selected Fingers flattened),S13e,,,,,,,,,,S13e,񁝑,土,,,,,,,,,,,,,,,,,
Selected fingers,2_nonspread,(Selected Fingers bent),S110,,,,,,,,,,,,,,,S110,񀘑,,,,,,,,,,,,,
Selected fingers,2_nonspread,(Selected Fingers bent),S118,S118,񀤑,curved_h,,,,,,,,,,,,,,S118,񀤑,S118,񀤑,S118,񀤑,S118,񀤑,,,,S118,񀤑
Selected fingers,2_nonspread,(Selected Fingers bent),S121,,,,,,,,,,,,,,,S121,񀱱,,,,,,,,,,,,,
Selected fingers,2_nonspread,(Selected Fingers Hooked),None,,,,,,,,,,,,,,,,,,,,,,,,,,,,,
Selected fingers,2_nonspread,2finger_differshape,S116,,,,,,,,,,,,,S116,񀡑,,,,,,,,,,,,,,,
Selected fingers,2_nonspread,2finger_differshape,S11a,S11a,񀧑,r,S11a,񀧁,,10,S11a,񀧑,S11a,񀧁,笔,S11a,񀧑,,,S11a,񀧑,S11a,񀧑,S11a,񀧑,S11a,񀧑,S11a,񀧑,wish,S11a,񀧑
Selected fingers,2_nonspread,2finger_differshape,S11d,,,,S11d,񀫡,,half,,,,,,,,,,,,,,,,,,,,,,
Selected fingers,2_nonspread,2finger_differshape,S126,,,,,,,,,,S126,񀹑,高,,,,,,,,,,,,,,,,,
Selected fingers,2_spread,(Selected Fingers extended),S10e,S10e,񀕁,v,S10e,񀕁,,2,S10e,񀕁,S10e,񀕁,2,S10e,񀕁,S10e,񀕁,S10e,񀕁,S10e,񀕁,S10e,񀕁,S10e,񀕁,S10e,񀕁,2,S10e,񀕁
Selected fingers,2_spread,(Selected Fingers extended),S11e,S11e,񀭁,3,S11e,񀭁,,north,S11e,񀭁,S11e,񀭁,7,S11e,񀭁,S11e,񀭁,S11e,񀭁,S11e,񀭁,S11e,񀭁,S11e,񀭁,S11e,񀭁,8,S11e,񀭁
Selected fingers,2_spread,(Selected Fingers extended),S125,,,,,,,,,,,,,,,,,S125,񀷱,,,S125,񀷱,,,,,,,
Selected fingers,2_spread,(Selected Fingers extended),S19c,S19c,񃪑,ily,S19c,񃪑,,mountain,S19c,񃪑,S19c,񃪑,守protect,,,,,S19c,񃪑,,,S19c,񃪑,S19c,񃪑,S19c,񃪑,ily,,
Selected fingers,2_spread,(Selected Fingers extended),S1a0,S1a0,񃰑,horns,S1a0,񃰑,,z,S1a0,񃰑,S1a0,񃰑,秀,S1a0,񃰑,,,S1a0,񃰑,S1a0,񃰑,,,S1a0,񃰑,S1a0,񃰑,animal,S1a0,񃰑
Selected fingers,2_spread,(Selected Fingers extended),S1b0,,,,,,,,,,,,,,,,,,,,,,,S1b0,񄈑,,,,,
Selected fingers,2_spread,(Selected Fingers extended),S1b4,,,,,,,,,,,,,S1b4,񄎑,,,,,,,,,,,,,,,
Selected fingers,2_spread,(Selected Fingers extended),S1cb,,,,,,,,,,S1cb,񄰱,飞机,,,,,,,,,,,,,,,,,
Selected fingers,2_spread,(Selected Fingers flattened),S112,S112,񀛑,flat_v,,,,,,,S112,񀛑,虎tiger,,,,,,,,,,,,,,,,,
Selected fingers,2_spread,(Selected Fingers flattened),S123,,,,,,,,,,,,,,,,,,,,,,,,,,,,S123,񀴱
Selected fingers,2_spread,(Selected Fingers bent),S110,S110,񀘑,bent_v,S110,񀘑,,railway,S110,񀘑,S110,񀘑,20,S110,񀘑,,,S110,񀘑,S110,񀘑,S110,񀘑,S110,񀘑,S110,񀘑,bent_two,S110,񀘑
Selected fingers,2_spread,(Selected Fingers bent),S121,,,,,,,,S121,񀱱,,,,S121,񀱱,,,,,,,,,,,,,,S121,񀱱
Selected fingers,2_spread,(Selected Fingers bent),S122,,,,,,,,,,,,,,,,,S122,񀳑,,,S122,񀳑,,,,,,,
Selected fingers,2_spread,2finger_differshape,S126,,,,,,,,,,,,,S126,񀹑,,,,,,,,,,,,,,,
Selected fingers,2_spread,2finger_differshape,S140,S140,񁠑,k/p,S140,񁠑,,k,S140,񁠑,S140,񁠑,科,S140,񁠑,,,S140,񁠑,S140,񁠑,S140,񁠑,S140,񁠑,S140,񁠑,k,S140,񁠑
Selected fingers,2_spread,2finger_differshape,S142,,,,,,,,,,S142,񁣑,欠,,,,,,,,,,,,,,,,,
Selected fingers,3_nonspread,extended,S18e,,,,,,,,,,S18e,񃕑,8,S18e,񃕑,,,,,,,,,S18e,񃕑,,,,,
Selected fingers,3_nonspread,flattened,None,,,,,,,,,,,,,,,,,,,,,,,,,,,,,
Selected fingers,3_nonspread,bent,None,,,,,,,,,,,,,,,,,,,,,,,,,,,,,
Selected fingers,3_nonspread,hooked,None,,,,,,,,,,,,,,,,,,,,,,,,,,,,,
Selected fingers,3_nonspread,3finger_differshape,None,,,,,,,,,,,,,,,,,,,,,,,,,,,,,
Selected fingers,3_spread,extended,S18f,,,,,,,,,,,,,,,,,,,,,S18f,񃖱,,,,,,,
Selected fingers,3_spread,extended,S1a4,,,,,,,,,,,,,S1a4,񃶁,,,,,,,,,,,,,,,
Selected fingers,3_spread,extended,S1ab,S1ab,񄀱,goody_goody,,,,,,,,,,,,,,,,,,,,,,,,,,
Selected fingers,3_spread,extended,S1c4,,,,,,,,,,,,,,,,,,,,,,,S1c4,񄦑,,,,,
Selected fingers,3_spread,flattened,None,,,,,,,,,,,,,,,,,,,,,,,,,,,,,
Selected fingers,3_spread,bent,S190,,,,,,,,,,S190,񃘑,80,S190,񃘑,,,,,,,,,,,,,,,
Selected fingers,3_spread,hooked,None,,,,,,,,,,,,,,,,,,,,,,,,,,,,,
Selected fingers,3_spread,3finger_differshape,None,,,,,,,,,,,,,,,,,,,,,,,,,,,,,
Selected fingers,4_nonspread,(Selected Fingers extended),S147,S147,񁪱,closed_b,S147,񁫁,,door,S147,񁪱,S147,񁪱,胡,S147,񁪱,,,S147,񁪱,S147,񁪱,,,S147,񁪱,,,,S147,񁪱
Selected fingers,4_nonspread,(Selected Fingers extended),S15a,,,,S15a,񂇁,,quick,,,S15a,񂇑,9,,,S15a,񂇑,S15a,񂇑,,,S15a,񂇑,S15a,񂇑,,,,S15a,񂇑
Selected fingers,4_nonspread,(Selected Fingers extended),S15d,S15d,񂋱,open_b,S15d,񂋡,,cut,S15d,񂋱,,,,S15d,񂋱,,,S15d,񂋱,S15d,񂋱,S15d,񂋱,S15d,񂋱,S15d,񂋱,flat,S15d,񂋱
Selected fingers,4_nonspread,(Selected Fingers flattened),S14b,S14b,񁰱,flat_b,,,,,,,,,,,,,,,,S14b,񁰱,,,,,,,,,
Selected fingers,4_nonspread,(Selected Fingers flattened),S180,,,,S180,񃀁,,envelope,,,,,,,,,,S180,񃀑,,,,,S180,񃀑,S180,񃀁,bent_flat,,
Selected fingers,4_nonspread,(Selected Fingers flattened),S182,,,,,,,,,,,,,,,,,S182,񃃑,,,S182,񃃑,,,,,,S182,񃃑
Selected fingers,4_nonspread,(Selected Fingers bent),S149,,,,,,,,,,,,,,,S149,񁭱,S149,񁭱,,,,,,,,,,,
Selected fingers,4_nonspread,(Selected Fingers bent),S168,,,,,,,,,,,,,,,,,S168,񂜑,,,,,,,,,,,
Selected fingers,4_nonspread,(Selected Fingers bent),S16e,,,,S16e,񂥑,,shovel,,,,,,,,,,,,,,S16e,񂥑,S16e,񂥑,,,,,
Selected fingers,4_nonspread,(Selected Fingers bent),S170,,,,,,,,,,,,,S170,񂨑,,,,,,,S170,񂨑,S170,񂨑,,,,,
Selected fingers,4_nonspread,(Selected Fingers bent),S171,,,,,,,,,,,,,,,,,,,,,,,,,,,,S171,񂩱
Selected fingers,4_nonspread,(Selected Fingers Hooked),S202,S202,񆃑,e,,,,,S202,񆃑,,,,,,,,S202,񆃑,,,,,,,,,,S202,񆃑
Selected fingers,4_nonspread,4finger_differshape,S1d7,,,,,,,,,,,,,S1d7,񅂱,,,,,,,,,,,,,,,
Selected fingers,4_spread,(Selected Fingers extended),S144,S144,񁦁,flatspread_5,S144,񁦡,,4,S144,񁦁,S144,񁦁,4,S144,񁦁,S144,񁦁,S144,񁦁,S144,񁦁,S144,񁦁,S144,񁦁,,,,S144,񁦁
Selected fingers,4_spread,(Selected Fingers extended),S14c,S14c,񁲁,5,S14c,񁲁,,5,,,S14c,񁲁,5,S14c,񁲁,S14c,񁲁,S14c,񁲁,S14c,񁲁,S14c,񁲁,S14c,񁲁,S14c,񁲁,5,S14c,񁲁
Selected fingers,4_spread,(Selected Fingers flattened),S146,S146,񁩑,flat_4,,,,,,,,,,,,,,,,,,,,,,,,,,
Selected fingers,4_spread,(Selected Fingers flattened),S158,,,,,,,,,,,,,,,,,,,,,S158,񂄑,,,,,,S158,񂄑
Selected fingers,4_spread,(Selected Fingers flattened),S159,,,,,,,,,,,,,S159,񂅱,,,,,,,S159,񂅱,,,,,,,
Selected fingers,4_spread,(Selected Fingers bent),S145,S145,񁧱,curved_4,S145,񁧱,,white,,,S145,񁧱,40,S145,񁧱,S145,񁧱,,,,,,,,,,,,,
Selected fingers,4_spread,(Selected Fingers bent),S14e,,,,S14e,񁵑,,relatives,,,,,,S14e,񁵑,,,S14e,񁵑,,,,,,,,,,S14e,񁵑
Selected fingers,4_spread,(Selected Fingers bent),S150,S150,񁸑,open_e,,,,,,,S150,񁸑,果,,,S150,񁸑,,,,,S150,񁸑,,,,,,,
Selected fingers,4_spread,(Selected Fingers Hooked),None,,,,,,,,,,,,,,,,,,,,,,,,,,,,,
Selected fingers,4_spread,4finger_differshape,S157,S157,񂂱,stacked_5,,,,,,,,,,,,,,,,,,,,,,,,,,
Selected fingers,4_spread,4finger_differshape,S1a7,,,,,,,,,,,,,,,,,,,,,S1a7,񃺱,,,,,,,
Selected fingers,4_spread,4finger_differshape,S1c5,S1c5,񄧱,open_8,,,,,S1c5,񄧱,S1c5,񄧱,菜,,,S1c5,񄧱,S1c5,񄧱,S1c5,񄧱,S1c5,񄧱,,,S1c5,񄧱,middle,S1c5,񄧱
Thumb Opposition,1fin_othersFist,(fingers rounded),S199,,,,S199,񃥱,,thin (line),,,S199,񃥱,少,,,,,,,,,,,,,,,,,
Thumb Opposition,1fin_othersFist,(fingers rounded),S1e5,,,,,,,,,,,,,S1e5,񅗱,,,,,S1e5,񅗱,,,,,,,,S1e5,񅗱
Thumb Opposition,1fin_othersFist,(fingers rounded),S1e7,,,,,,,,,,,,,,,,,,,,,,,,,S1e7,񅚱,write,,
Thumb Opposition,1fin_othersFist,(fingers rounded),S1eb,,,,S1eb,񅠱,,write,S1eb,񅠱,S1eb,񅠱,呂,,,,,S1eb,񅠱,S1eb,񅠱,S1eb,񅠱,S1eb,񅠱,,,,S1eb,񅠱
Thumb Opposition,1fin_othersFist,(fingers rounded),S1ed,,,,S1ed,񅣡,,sentence,S1ed,񅣡,S1ed,񅢑,句sentence,S1ed,񅢑,S1ed,񅣡,S1ed,񅣡,,,S1ed,񅣡,S1ed,񅣡,S1ed,񅣡,letter_c,,
Thumb Opposition,1fin_othersFist,FlattenedandInFistfingerUp,S19f,,,,,,,,,,,,,S19f,񃮱,,,,,,,,,,,,,,,
Thumb Opposition,1fin_othersFist,(fingers straight),S1e4,,,,,,,,,,,,,,,,,,,,,,,,,,,,S1e4,񅖑
Thumb Opposition,1fin_othersFist,(fingers flattened),S1ee,,,,,,,,,,,,,,,,,,,,,S1ee,񅥑,,,,,,,
Thumb Opposition,1fin_othersFist,(fingers flattened),S1f0,S1f0,񅨑,g,S1f0,񅨁,,inch,S1f0,񅨑,S1f0,񅨁,像,S1f0,񅨁,S1f0,񅨑,S1f0,񅨑,S1f0,񅨑,S1f0,񅨑,S1f0,񅨑,S1f0,񅨑,small,S1f0,񅨑
Thumb Opposition,1fin_othersFist,(fingers flattened),S1f4,,,,S1f4,񅮁,,chicken,S1f4,񅮑,,,,S1f4,񅮑,S1f4,񅮑,S1f4,񅮑,,,S1f4,񅮑,S1f4,񅮑,S1f4,񅮑,11,S1f4,񅮑
Thumb Opposition,2finNonspread_othersFist,(fingers rounded),S129,,,,,,,,,,,,,S129,񀽱,,,S129,񀽱,S129,񀽱,S129,񀽱,S129,񀽱,,,,S129,񀽱
Thumb Opposition,2finNonspread_othersFist,(fingers flattened),S13d,,,,S13d,񁛡,,pinch,S13d,񁛱,,,,,,,,S13d,񁛱,,,S13d,񁛱,,,,,,S13d,񁛱
Thumb Opposition,2finNonspread_othersFist,(fingers flattened),S13f,,,,S13f,񁞱,,7,S13f,񁞱,S13f,񁞱,鸭,,,,,S13f,񁞱,S13f,񁞱,S13f,񁞱,S13f,񁞱,S13f,񁞱,12,S13f,񁞱
Thumb Opposition,2finNonspread_othersFist,(fingers straight),None,,,,,,,,,,,,,,,,,,,,,,,,,,,,,
Thumb Opposition,2finNonspread_othersFist,FlattenedandInFistfingerUp,S1a3,,,,S1a3,񃴱,,t,S1a3,񃴱,S1a3,񃴱,龙,,,,,,,,,,,S1a3,񃴱,,,,,
Thumb Opposition,2finNonspread_othersFist,FlattenedandInFistfingerUp,S1b2,,,,,,,,,,,,,S1b2,񄋑,,,,,,,,,,,,,,,
Thumb Opposition,2finNonspread_othersFist,FlattenedandInFistfingerUp,S1b3,,,,,,,,,,S1b3,񄌱,100,,,,,,,,,,,,,,,,,
Thumb Opposition,2finSpread_othersFist,(fingers rounded),S128,,,,S128,񀼑,,eagle claw,S128,񀼑,,,,,,,,,,,,S128,񀼑,S128,񀼑,,,,,
Thumb Opposition,2finSpread_othersFist,(fingers rounded),S12a,,,,,,,,,,,,,,,,,,,,,S12a,񀿑,,,,,,,
Thumb Opposition,2finSpread_othersFist,(fingers flattened),S12b,,,,,,,,,,,,,S12b,񁀱,,,S12b,񁀱,,,S12b,񁀱,,,,,,,
Thumb Opposition,2finSpread_othersFist,(fingers straight),S127,,,,,,,,,,,,,,,,,,,,,,,,,,,,S127,񀺱
Thumb Opposition,2finSpread_othersFist,FlattenedandInFistfingerUp,None,,,,,,,,,,,,,,,,,,,,,,,,,,,,,
Thumb Opposition,4finNonspread,(fingers rounded),S16d,S16d,񂣱,c,S16d,񂣱,,cup,,,S16d,񂣱,方square,S16d,񂣱,S16d,񂣱,S16d,񂣱,S16d,񂣱,S16d,񂣱,,,S16d,񂣱,cup,S16d,񂣱
Thumb Opposition,4finNonspread,(fingers rounded),S173,,,,,,,,,,,,,,,,,,,,,,,S173,񂬱,,,,,
Thumb Opposition,4finNonspread,(fingers rounded),S176,S176,񂱑,o,S176,񂱑,,0,S176,񂱑,S176,񂱑,0,S176,񂱑,S176,񂱑,S176,񂱑,S176,񂱑,S176,񂱑,S176,񂱑,S176,񂱑,round,S176,񂱑
Thumb Opposition,4finNonspread,(fingers rounded),S177,,,,,,,,,,,,,,,,,,,,,S177,񂲱,,,,,,,
Thumb Opposition,4finNonspread,(fingers flattened),S17c,,,,S17c,񂺑,,heels,,,,,,,,,,,,,,S17c,񂺑,,,,,,,
Thumb Opposition,4finNonspread,(fingers flattened),S17d,,,,S17d,񂻱,,car,S17d,񂻱,S17d,񂻱,绅,,,S17d,񂻱,S17d,񂻱,S17d,񂻱,S17d,񂻱,S17d,񂻱,S17d,񂻱,thick,S17d,񂻱
Thumb Opposition,4finNonspread,(fingers flattened),S185,S185,񃇱,flat_o,S185,񃇱,,teach,S185,񃇱,S185,񃇱,10000,S185,񃇱,S185,񃇱,S185,񃇱,S185,񃇱,S185,񃇱,S185,񃇱,S185,񃇱,flat-round,,
Thumb Opposition,4finNonspread,(fingers straight),S160,,,,,,,,,,,,,S160,񂐑,,,,,S160,񂐑,,,,,,,,S160,񂐑
Thumb Opposition,4finSpread,(fingers rounded),S153,S153,񁼱,curved_5,S153,񁼱,,rain,,,S153,񁼱,同same/together,S153,񁼱,,,S153,񁼱,S153,񁼱,,,S153,񁼱,S153,񁼱,,S153,񁼱
Thumb Opposition,4finSpread,(fingers rounded),S154,,,,,,,,,,,,,,,,,,,,,S154,񁾑,,,,,,,
Thumb Opposition,4finSpread,(fingers rounded),S155,,,,,,,,S155,񁿱,,,,,,,,,,,,,,,,,,,,
Thumb Opposition,4finSpread,(fingers flattened),S155,,,,S155,񁿱,,wolf,,,,,,,,,,,,,,S155,񁿱,S155,񁿱,,,,S155,񁿱
Thumb Opposition,4finSpread,(fingers straight),None,,,,,,,,,,,,,,,,,,,,,,,,,,,,,
Thumb Opposition,1fin_othersNonfist,"(thumb rounded,others spread)",S187,S187,񃊱,w,S187,񃊱,,w,,,S187,񃊱,3,S187,񃊱,,,S187,񃊱,S187,񃊱,S187,񃊱,S187,񃊱,S187,񃊱,3,S187,񃊱
Thumb Opposition,1fin_othersNonfist,"(thumb rounded,others spread)",S18b,,,,,,,,S18b,񃐱,S18b,񃐱,30,S18b,񃐱,,,,,,,S18b,񃐱,,,,,,S18b,񃐱
Thumb Opposition,1fin_othersNonfist,"(thumb rounded,others spread)",S1a4,S1a4,񃶁,7,,,,,,,,,,,,,,S1a4,񃶁,,,,,S1a4,񃶁,,,,,
Thumb Opposition,1fin_othersNonfist,"(thumb rounded,others spread)",S1a5,,,,,,,,,,,,,,,,,,,,,S1a5,񃷱,,,,,,,
Thumb Opposition,1fin_othersNonfist,"(thumb rounded,others spread)",S1ba,,,,,,,,S1ba,񄗁,,,,,,,,S1ba,񄗁,,,,,,,,,,,
Thumb Opposition,1fin_othersNonfist,"(thumb rounded,others spread)",S1bb,S1bb,񄘱,8,,,,,,,,,,S1bb,񄘱,,,,,S1bb,񄘱,S1bb,񄘱,,,S1bb,񄘱,flick,S1bb,񄘱
Thumb Opposition,1fin_othersNonfist,"(thumb rounded,others spread)",S1ce,S1ce,񄵑,f,S1ce,񄵑,,3,S1ce,񄵑,S1ce,񄵑,钱,S1ce,񄵑,S1ce,񄵑,S1ce,񄵑,S1ce,񄵑,S1ce,񄵑,S1ce,񄵑,S1ce,񄵑,ok,S1ce,񄵑
Thumb Opposition,1fin_othersNonfist,"(thumb rounded,others spread)",S1d0,,,,S1d0,񄸑,,boat,S1d0,񄸑,S1d0,񄸑,wc,S1d0,񄸑,S1d0,񄸑,,,,,,,,,,,,,
Thumb Opposition,1fin_othersNonfist,"(thumb rounded,others spread)",S1d5,,,,S1d5,񄿱,,snow,S1d5,񄿱,,,,,,,,,,,,,,,,,,,,
Thumb Opposition,1fin_othersNonfist,"(thumb rounded,others spread)",S1d6,,,,,,,,,,,,,S1d6,񅁑,,,,,,,,,,,,,,,
Thumb Opposition,1fin_othersNonfist,"(thumb rounded,others spread)",Missing,,,,,,,,,,,,,,,,,,,,,,,,,,,,,
Thumb Opposition,1fin_othersNonfist,"(thumb rounded,others nonspread)",S18c,,,,S18c,񃒑,发誓,swear,S18c,񃒑,S18c,񃒑,童,S18c,񃒑,,,,,S18c,񃒑,,,S18c,񃒑,S18c,񃒑,letter_m,S18c,񃒑
Thumb Opposition,1fin_othersNonfist,"(thumb rounded,others nonspread)",S18d,S18d,񃓱,flat_m,,,,,,,,,,,,,,S18d,񃓱,,,S18d,񃓱,S18d,񃓱,,,,,
Thumb Opposition,1fin_othersNonfist,"(thumb rounded,others nonspread)",S1da,,,,,,,,S1da,񅇑,,,,,,,,,,,,,,,,,,,,
Thumb Opposition,1fin_othersNonfist,(thumb flattened),S1c1,,,,S1c1,񄡡,,sticky,S1c1,񄡱,,,,S1c1,񄡱,,,,,,,,,,,,,,,
Thumb Opposition,1fin_othersNonfist,(thumb flattened),S1c3,,,,S1c3,񄤡,,paper,S1c3,񄤱,S1c3,񄤱,借borrow,,,,,,,,,S1c3,񄤱,S1c3,񄤱,,,,S1c3,񄤱
Thumb Opposition,1fin_othersNonfist,(thumb flattened),S1d1,S1d1,񄹱,open_f,,,,,,,,,,,,,,S1d1,񄹱,,,S1d1,񄹱,,,,,,,
Thumb Opposition,1fin_othersNonfist,(thumb flattened),S1d2,,,,,,,,,,,,,,,,,S1d2,񄻑,,,,,S1d2,񄻑,,,,,
Thumb Opposition,1fin_othersNonfist,(thumb flattened),S1d3,,,,,,,,,,,,,,,,,,,,,S1d3,񄼱,,,,,,,
Thumb Opposition,1fin_othersNonfist,(thumb flattened),S1d4,,,,,,,,,,,,,,,,,S1d4,񄾑,,,,,S1d4,񄾑,S1d4,񄾑,flat-ok,S1d4,񄾑
Thumb Opposition,1fin_othersNonfist,(thumb flattened),S1d8,,,,,,,,,,,,,,,,,,,S1d8,񅄑,,,,,,,,,
Thumb Opposition,1fin_othersNonfist,FlattenedandInFistfingerUp,S105,,,,,,,,,,,,,,,,,,,,,S105,񀇱,,,,,,,
Thumb Opposition,1fin_othersNonfist,FlattenedandInFistfingerUp,S196,,,,,,,,,,S196,񃡑,,,,,,,,,,,,,,,,,,